P,V,Phi,A,k
35,130.6666667,0.3925,0.777083333,2.983333333
39.5,258.6666667,0.4475,0.752083333,13.71666667
49.83333333,333.3333333,0.3325,0.714583333,6.716666667
46.83333333,322.6666667,0.4925,0.60625,10.21666667
